Client;Phase
KarenMillen;3
BenQ;3
Deltaskystore;2
Monoprix-FR;3
Gonsi;3
GordonsJewelers;3
HP-NO;3
Ellos-SV_SE;2
BigBrownBox;1
SkinMedica;2
Konebox-FI_FI;2
Intercontinental;3
Dell;3
Dell-ES;3
Starwood;3
Halfords;3
Kele;3
Fellowes;3
HongKong;3
Intuit-CA;3
IntuitCaFr;2
Epson-store;3
USAA;3
GalleryDirect;3
EKSuccess;3
OfficeDesigns;1
Grainger;3
VirginMobileUSA;3
Ariel-ES_MX;2
Fidelity;3
DigitalFederalCreditUnion;3
Avon;3
Avon-ES;3
ApplianceOnline;3
Yankeecandle;3
Journeys;3
Roots;3
Onlinegolf;3
JMBruneau-EN;3
JMBruneau-FR;3
JMBruneau-NL;3
HOF-EN;3
Bruneautech-EN;3
Bruneautech-NL;3
TheEntertainer-EN;3
Orange-ES;3
LaRedoute-EN;3
GinaTricot-DA;3
GinaTricot-DE;3
GinaTricot-FI;3
GinaTricot-NO;3
GinaTricot-SV;3
Lexus-SV;3
Bestseller;2
AlenCorp;3
Pfaltzgraff;2
BouyguesTelecom;2
BodyShop;3
JohnFrieda;3
JohnFrieda-EN_US;3
LandofNod;3
LaneBryant;3
SpeedwayMotors;2
Garnethill;3
HorizonHobby;2
Scheelssports;3
ExpediaHosted;3
Origins-DE_DE;2
Loblaw;3
Loblaw-French;3
1800Flowers;3
Behr;3
About;3
Jackspade;2
Giggle;3
Geico;3
AnnSummers;3
Aerosoles;3
SonyAP-SG;2
Kolcraft;3
Allstate;3
Nikon;3
Acebrand;3
Navitor;3
Electroworld-CZ;3
Gigantti-FI;3
Elkjop-NO;3
Markantalo-FI;3
Lefdal-NO;3
Electroworld-sv;3
3M_MPro;3
MarcOPolo;3
ClasOhlson-EN;3
ClasOhlson-FI;3
ClasOhlson-NO;3
ClasOhlson-SV;3
Bilka;3
Salomon-FR;3
Arcteryx;3
Suunto;3
NetOnNet;3
RealOnlineshop;2
NokiaCom;3
KLM;2
ECI;2
FarrowBall;2
Macys;3
Bloomingdales;3
Northface;3
Wrangler;2
MightyLeaf;3
Logitech-EN_GB;3
DavidsBridal;3
Xerox;3
SmartPak;3
AllenEdmonds;3
SperryTopSider;3
Saucony;3
Keds;3
ColumbiaSportswear;2
SorelIntl;2
Canon-EN_CA;3
GaylordHotels;3
Orvis;3
Motorola;2
GardenSafe;2
HotShot;2
Skinstore;3
Bol;3
HeadShoulders-ES;2
ProAdvisor;3
sOliver;3
Vacancestransat;3
JJB;3
CoastStores;3
Wiggle-EN;3
SonVideo;3
CCS;2
Shearings-Holidays;3
Cheapy;3
StenaLine;3
Hobbs;3
ErnestJones;3
WhiteStuff;3
ThomasPink;3
ThomasPink-EN_US;3
Toptable;3
Spalook;3
Rabobank-NL;2
Olay-EN_NZ;2
BrooksBrothers;3
SKII-EN_SG;3
SKII-ZH;3
BlueShieldCA;3
TriaBeauty;3
TinyPrints;3
DickSmith-AU;3
DickSmith-NZ;3
Douglas;3
LearningCareGroup;3
Revzilla;3
TBC;2
OregonMountainCommunity;3
1000Bulbs;3
KayJewelers;3
BuildABear;3
NeimanMarcus;3
Golfsmith;3
WorldKitchen;3
KodakEurope;3
OrchardBrands;3
Sephora;3
MoreHome;3
Vector;3
Whirlpool;3
TomTom;3
Adobe;3
Cabelas;3
Kaspersky-PT_BR;3
Kaspersky-ES;3
Huggies;3
Huggies-CA;3
Huggies-ES;3
Huggies-FR_CA;3
Nextel-PT_BR;3
HPAPJ;3
HP-DE;3
HP-EN;3
HP-FR;3
Gillette-EN_CA;3
GilletteLA;3
GilletteBrazil;3
Clarisonic;3
Icebreaker;3
YellowPagesCA;2
YellowPages-FR_CA;2
GameStop;3
GameStopCA;3
AlternativeApparel;3
GoAheadTours;3
TheSourceCA;3
TheSourceCA-FR;3
EFTours;3
TotalHockey;3
Bluefly;3
CanadianTire;3
CanadianTire-FR;3
DrJays;3
Tundra;3
TGW;3
SoftballSavings;3
BaseballSavings;3
T-Mobile;3
CardsDirect;3
EFTours-CA;3
Javia;3
PotteryBarnKids;3
CiscoHomeUK;2
Nike;3
NikeEmea;2
Debenhams;3
Gaiam;3
Philosophy;3
MEC;3
MEC-FR;3
TheGoodGuys;3
ModernTeachingAids;2
NorthernParrots;3
Tween;3
HPArticles;3
Wickes;3
Travelocity;3
Medco;3
SweetLeafTea;3
VFoundation;3
2Xist;2
Adler-DE_DE;2
Ashford;3
BassPro;3
BCBSAZ;2
BestBuy;3
Biotherm;2
Boulanger;3
BriggsStratton;3
Brita;3
But;2
HotSpring;3
Canon-AU;3
Carhartt;3
Carphonewarehouse;3
CartridgePeople;3
Charmin;3
ChristianBook;3
Claires;2
Clarisonic-GB;3
CompanyC;3
Costco;3
CyDen;2
DirectionsCreditUnion;1
DisneyStore;2
DoverSaddlery;2
PowerEquipmentPlus;2
Dungarees;3
EDreams-DE;3
EDreams-PT;3
ELITEAUTO;2
PCCity-SE;2
ElsevierHealth-GB;3
EntirelyPets;3
EnvieDePlus;2
Esprit-FR;3
EvansvilleTeachersFCU;1
Falabella;3
Figis;3
Fitflop-EN_GB;2
Footjoy;3
ForMeOnline;2
Fossil;3
Frigidaire;3
GenerationsFCU;3
GHHJapan-JA_JP;2
Gillette-TR_TR;2
GilletteVenus;3
GiorgioArmani;3
GlutenFreely;3
HomeMadeSimple;3
Grilling;3
HannaAndersson;3
HappyAngler-SV_SE;3
Letterbox;3
HeadShoulders-RU_RU;2
Helzberg-Stories;3
HEMA-FR_BE;2
HEMA-NL_BE;2
HomeMadeSimple-ES_US;2
HP;3
Iams-EN_CA;3
IBMUKMidMarket;2
Imwalking;3
IngramMicro;3
Inlighten-Stories;3
Innovations;2
InstantOcean;1
IsabellaOliver;3
IWOOT;3
AllAboutCoats;3
JENNYFER;3
Jif;3
JustBlinds;3
Kiehlscanada-FR_CA;2
KIEHLS-EN_GB;3
LacosteFragrances;3
LancomeCanada;3
Lego;3
LetsbuyCom;1
Levenger;3
LG-EN_AU;2
LogitechAU;3
Loop18;3
LululemonAu;2
Luvs;3
MarriottSkyStore;1
Masters;1
MeetMark;3
Michaelscanada;2
Microsoft;2
Middlesex;2
Montrail;3
NavyFederal;3
Neckermann-DE_CH;2
Nectar;3
NewBalance;2
Nivea;2
Novation;2
OfficeMax;3
Ojon;3
Olay-AU;3
Olay-DE_DE;2
OlayWE;2
Mrjet;2
Origins-UK;3
Orion;3
Outlet;3
Pampers-CS_CZ;2
Pampers-RU_RU;3
PanteneBrazil;2
PartyCity;3
Pasttimes;2
PGBrandVoice;3
PlazaVIP;3
PostItTeachers;3
Promod-DE;3
PullUps;1
VitaminWorld;3
Quelle;3
Quicken;3
RBFCU;1
RCI-DA;3
RCI-DE;3
RCI-FR;3
RCI-IT;3
RCI-NL;3
RCI-NO;3
RCI-SV;3
ReebokCCM;1
RelicBrand;3
ReVive;2
Rouge;3
Rouge-EN_AU;2
Ryka;3
Samsung-DE_DE;3
Scotchbrand-EN_GB;3
Secret-FR_CA;2
Sephora-IT;3
Shoptime;2
Shutterfly;2
SpinMaster;1
StenaLine-NL;3
TedBaker;3
TheRange;1
TheSportshq-DE;3
Tide-ES;3
TMW;3
Toolbox;1
Toshiba-FI;3
Travelocity-EN_CA;3
Travelocity-FR_CA;3
TurboTax;3
Veet;1
Celaia-FR;3
Warehousefashions;3
Wusthof;1
Xerox-EN_CA;2
Xeroxdirect;3
SkinAndWoundCare;3
ZionsBank;3
AmexOPEN;3
DiscountShoeStore;3
VirginMobileAustralia;1
SurfStitch;3
IntuitAccountant;1
Intuitlacerte;3
IntuitPayments;3
YesGolf;2
Adidas-EN_FI;2
Clairol-FR_CA;3
SmartBeautyBuys-FR_CA;3
SmartBeautyBuys-EN_CA;3
Olay-NL_NL;2
Secret-EN_CA;2
Duracell-PL_PL;2
Duracell-EN_GB;2
OralB-TR_TR;2
OralB-PL_PL;2
OralB-HU_HU;2
Ariel;2
Always-EN_CA;3
Always-ES;2
PGTryIt;2
CoverGirl-EN_CA;3
Duracell-ES;2
OasisFashions;3
BehrPro;3
Berries;3
BurtsBees-AU;3
HollandAmerica;3
Boymeetsgirl;2
WSJWine;3
VirginWinesAU;3
DisneyStore-FR_FR;2
Epson-ES;3
HomeDecorators;3
HP-DA;3
SearsCanada-FR;2
LGE-NL;3
Moskova-DE;3
Moskova-ES;3
Moskova-FR;3
Toshiba-IE;3
BestBuyPCApp;2
OlympusAmerica;1
CarsDealer;3
ATTB2B;3
Crocs-ES_US;3
CrocsBR;3
CrocsPL;3
CrocsNO;3
SaksFifthAvenue;3
Lightlife;2
HEB;3
Cyberswim-Stories;3
WhatFrostBelieves;3
DannonLightFit;3
Rogers-FR;3
CentralPoint-NL_NL;3
IBMSTG-EN;2
AlmBrand;3
PhiladelphiaEagles;3
Ticketmaster-en_DE;3
TivoliAudio;2
Groundswell;3
ConnectFood;2
CampbellsKitchen;2
SnowAndRock;3
Uniqlo-EN_US;3
Epson-EN_AU;2
Biore;2
SKII-EN_MY;3
IBMSTG;2
Fitflop-EN_EU;2
SmithOptics;2
STIHL;2
Burton;3
Costco-FR_CA;3
Dacor;1
Duracell-FR_FR;2
DuracellPowermat;2
Electrolux;3
Enviedeplus-FR_NL;2
Epson-DE;3
FabricCom;3
Redmax;3
CubCadet;3
Viajesfalabella;3
Nokia-FI_FI;3
Nokia-FR_FR;3
Iprint;1
CalvinKlein;3
Carolina;2
SonyCreativeSoftware;2
OneDirect-FR;3
Dyson-UK;3
Altrec;3
ColeHaan;2
Belair-Ontario-EN_CA;3
Anthropologie;3
AirPurifiersAmerica;3
JDSports;3
SwansonHealth;3
TheLimited;3
Depend;2
OtterBox;3
ExtraordinaryDogs-DE_CH;3
RosettaStone;3
Nexcare-ES_MX;3
Futuro-EN_AU;3
Birchbox;2
AEG-EN_GB;2
AutoNation;3
Mrclean;3
Maclarenbaby;1
Always-TR_TR;2
LGElectronics-FR;3
Darphin-EN_GB;2
WrapLondon-EN_US;2
PumaDe;3
TakeLessons;3
VintageTub;3
ChefsCatalog;3
HarvardBusinessReview;3
Bruneautech-FR;3
Matelsom;3
Homecenter;3
DSW;3
CelebrateExpress;3
CiscoHome;3
Prevacid;1
DockersGlobal;2
Ellos-FI_FI;2
Ellos-DA_DK;2
Peruvianconnectionuk;3
3SuissesBelgique-FR;3
LaRedoute-SV_SE;2
Zanussi-EN_GB;2
Electrolux-SV_SE;2
Bealls;3
AKG-NL;2
APIReadOnlySandbox;1
LabSeries-JA_JP;2
JJill;3
Target;1
RewardMe;2
Danskin;3
DennisKirk;3
Olay-EN_AU;3
ClairolNiceNEasy;3
Hasbro-EN;3
Whisper;2
MacCosmetics-ZH_CN;2
Acuvue;3
OralB-CS_CZ;2
Veet-EN_GB;2
WolfBrandChili;3
HEINE;2
1und1;2
SocialCommerceSummit;3
MindBodyOnline;3
Txu;2
SallyBeauty;3
GeneracDealers;3
FreeRecordShop;2
YumiDirect;3
Elgiganten-SE;3
Carbonite;3
YesToCarrots;3
LoveSac;3
Kohls;3
Sears;3
Nokia;3
Soap;1
Whisper-ZH_CN;2
LeapFrog;3
LululemonHongKong;2
LaMaisonDeValerie;2
Lenovo-EN_AU;3
Honeybell;2
LululemonEngland;2
OralB-RU_RU;2
PostItAustralia;3
Citymarket-FI;3
Clarins-DE_DE;3
Barilla;2
Huawei-FR_FR;2
ACMETools;1
HSamuel;3
DoItBest;3
Orgullosa;2
Ooma;2
ExtraordinaryDogs-RU_RU;3
Eloquii;3
GudProducts;3
BellCanada;2
CampusBookRentals;3
EsteeLauder-EN_ZA;2
EveryDayMe-PL_PL;2
FosterAndSmithAquatics;3
Andersen;1
SweatyBetty;2
Clarins-ES_ES;3
StilaCosmetics;3
TheWorks;1
EmbraceHomeLoans;3
ABSciex;3
WorldMarket;2
Peerless;2
Kirklands;3
MacCosmetics-FR_BE;2
Braun;3
Clarins-FR_CA;3
HeadAndShoulders;2
PetcareRX;1
Aldermore;3
Carefree;3
Step2;1
Turbotax11;3
Zyrtec;3
Ariens;3
GoDaddy;2
Scotchbrite-ES_AR;3
Lactaid;3
CleanClearCA;3
Command-ES_AR;3
Dermalogica;3
Dyson-FR_CA;3
Jetstar;3
MustaPorssi;2
O2;2
Ob;1
Pampers-RO_RO;2
Paramim;3
Rembrandt;1
RimmelLondon;2
Sheba;1
Similac;1
Skii-JA_JP;3
SpottedCanary;3
Tele2Norge;3
Cottonelle;1
UCLA;3
NutroUltra;3
Prixtel-FR;2
Loreal;3
WilkinsonsHardwareStores;3
Samsung-RU_UA;3
BobJonesUniversityPress;2
YvesRocher-NO_NO;3
MallyGirl;1
YvesRocher-DA_DK;3
Samsung-UK_UA;3
YvesRocher-RO_RO;3
SKII-EN_AU;3
YvesRocher-RU_UA;3
Hoover;1
CIEL;2
Peruvianconnectionde;3
Kasasa;2
BareNecessities;3
IntercontinentalSurvey;3
StenaLineShopping;2
PGEverydaySolutions;2
TheTileShop;2
HotelsCom;2
RedBalloon;2
CB2;3
ScotchBrite-EN_SR;3
Kaspersky-EN_CA;3
Kaspersky-DE_DE;3
RenewalByAndersen;2
Dirtdevil;1
Andotherbrands;3
BeatsByDre;2
Sprint;3
SuperSavvyMe;2
Panasonic-FR;2
ChampionUSA;3
CIBC;3
ClassicAccessories;1
Clearasil;3
Clorox;3
CloroxBrand;2
Comet;3
Command;3
ContainerStore;3
Cosmedix;3
CrestComplete;1
CVSPharmacy;3
Cyberport;3
Cyberswim;3
DaveRamsey;3
DealsDirect;3
Desitin;3
DestinationMaternity;3
BigW;3
DanMurphys;3
DigitalChoices;2
DingoBrand;3
DirectBuy;3
Dockers;3
DollarTree;3
Dominos;3
Dotti-AU;3
DOW;3
DRPower;3
DrsFosterAndSmith;3
Duckbrand;2
Dyson-EN_US;2
Easyspirit;3
EDreams;3
EDreams-ES;3
EDreams-FR;3
EDreams-IT;3
ElizabethArden;3
Energizer;3
EnergizerCA;2
Epson;3
Eucerin;3
Eukanuba;3
EvansCycles;3
Exito;3
Exofficio;3
Expedia;3
ExtraSpaceStorage;3
Falabella-AR;3
FamousFootwear;3
FancyFeast;3
Fekkai;3
FigLeaves-en_US;3
Filtrete;3
Fingerhut;3
Fitflop;2
Foderbilen;2
FootSmart;3
FreePeople;3
FrenchConnection-UK;3
FrenchConnection-US;3
FreshStep;2
Friedrich;3
Frogtape;2
Frontgate;3
FujitsuScanners;3
GE_Appliances;3
Generac;3
GeorgeForemanCooking;3
GerberLifeInsurance;3
Getthere;2
Gettington;3
Gevalia;3
Gillette;3
Glade;2
Goertz;3
Golfnow;3
GolfOutletsUsa;3
GooGone;1
Zales;3
GrandinRoad;3
Greatcall;3
Kingsford;3
GuthyRenker;3
Hanes;3
Stocking-Fillers;3
HEMA-NL_NL;3
HermanMiller;3
HiddenValley;3
HillCountryMemorial;3
HillsPet;3
Hitachi;3
HockeyCanada;3
HockeyCanada-FR;3
HollandBarrett;3
HomeDepot;3
HomeDepot-Canada;3
HRBlock;3
Husqvarna;3
Poulan;3
PoulanPro;3
Weedeater;3
Hydroxatone;2
Iams;3
IBMRational;1
Icecom;3
Improvements;3
IntuitWebsites;2
JustLastSeason;3
Planet;3
Precis;3
Windsmoor;3
JCPenney;3
JCWhitney;3
Jny;3
JohnDeere;1
JohnsonsBaby;3
Johnsonville;3
JPC;2
Juicycouture;1
JustForMen;2
JustMySize;3
KayteeBrand;1
Kiehls;3
KiehlsCanada-EN_CA;3
Kitchenscience;3
Kodak;3
Kotex;1
KY;3
Laithwaites;3
LaithwaitesWine-EN_US;2
STWC;2
WinePeople-EN_AU;2
LakeshoreLearning;3
Lancome;3
LandsEnd;3
LandsEndCanvas;3
Laskys;3
LauraMercier;3
Lego-FR;3
LendingTree;2
Lennox;2
Lenovo;3
LensCrafters;3
LeroyMerlin-FR_FR;3
Levi;3
Lexmark;3
LG;3
LGECanada;2
LGElectronics-en;3
LinenSource;3
Listerine;3
LLBean;3
Logitech;3
Lowcostholidays-EN_GB;3
Lowes;3
Lysol;3
MagnetStreet;2
MailLife;3
MarieCallenders;1
Marineland;3
MarvelStore;3
Mataffaren-SE;3
MatrixDirect;3
MauiJim;3
Meccacosmetica-AU;3
MicroCenter;2
Mikasa;3
Milgard;3
MMA;2
Moen;3
MoltonBrown;3
MoltonBrown-EN_AU;2
MoltonBrown-EU;2
Motosport;3
MoveInc;3
Mrchewy;2
ENCO;3
Myer;3
NationalBusinessFurnitureCa;3
officechairs;3
officefurniture;3
Naturalizer;3
NatureMakesItWork;3
Neck-NL;3
Neckermann;3
Nectresse;3
Neosporin;1
Neutrogena;3
Newark;3
PremierFarnellChina;3
NewYorkCompany;3
Nexcare;3
Next;3
Nexxus;3
Ninewest;3
NiproDiagnostics;3
Nivea-EN_US;2
Nordstrom;3
Solutions;3
NorthernTool;3
Nutrena;3
Nutro;3
OCelO;3
ODL;3
OfficeDepot;3
OfficeWorks;3
Olay;3
OldPuebloTraders;3
OneHanesPlace;3
OralB-EN_AU;2
Orange-FR;3
Cheaptickets;2
Ebookers;2
Hotelclub;2
Orbitz;2
Ratestogo;2
OreIda;3
OrientalTrading;3
Otto;3
PaintersMateGreen;2
Pampers;3
Pampers-DE_DE;2
Pampers-EN_GB;2
Pampers-FR_FR;2
Pampers-TR_TR;2
Panasonic;3
Panasonic-AU;3
Panasonic-UK;2
ParkRoyal;3
PartsExpressInternational;3
PetArmor;3
PetSmart;3
PGeStore;3
Pharmavite;3
Philips;2
Philips-FR;2
Philips-FR_BE;2
Philips-NL_BE;2
PineSol;3
PNC;3
Poise;2
Post-It;3
PowerOfFamilyMeals;2
Prescriptives;2
Proactiv-DK;3
Proactiv-NO;3
Promega;2
Promod-FR;3
ProPetWebVet;3
PurinaONE;2
PuritansPride;3
PurMinerals;3
QuikSilver-ES;3
QVC;3
QVC-UK;3
Rayovac;3
Rejuvenation;3
RemoteMedical;3
RemingtonProducts;3
Rickis;3
RingCentral;2
RioGrande;3
Rockport;3
Rogaine;3
RossSimonsInc;3
Rubbermaid;3
Sainsburys;3
SallyHansen;3
SamsClub;3
Samsung;3
Sanus;3
SaveOnPoolSupplies;3
Schlage;3
ScholasticClubs;2
Scotch;3
ScotchBlue;3
Scotchbrite;3
Scotchgard;3
Scotchlint;3
ScottsMenswear-EN_GB;3
Seagate;3
SearsCanada;3
Shoes;3
ShopNBC;3
Simple;2
Size-EN_GB;3
SKII;3
Skinceuticals;3
Skullcandy;3
SonyAP-AU;2
SpaceCoastCreditUnion;2
Sterilite;2
StIves;3
Storage;3
StyleUnited;3
SunPower;1
SwannSecurity;1
SweetbaySupermarket;2
Targus;3
Tassimo;3
Teachco;3
Tekk;3
TelusMobility;3
Terrysvillage;3
Tesco;3
TetraFish;3
TheSportshq-ES;3
TheSportshq-FR;3
TheSportshq-IT;3
Thingsremembered;1
ThomasCook;2
Tide;3
TotesIsotoner;3
Tresemme;3
TrippLite;2
Tums;3
TurboTax09;3
UbyKotex;1
UMB;3
UnderArmour;3
Uniden;1
VegasCom;2
VirginWines;3
Visine;3
VocalPoint;2
Vodafone-UK;3
Steamfast;3
Vornado;3
WagnerSprayTech;2
Walgreens;3
WalMartCanada;3
WilliamsSonoma;3
Wilson;3
WilsonElectronics;3
Windex;1
WindowsPhone;2
ZumbaFitness;3
Futuro;3
PostItmx;3
PruvenPetProducts;3
Littmann;3
ESPE;3
ScotchBrite-ID_ID;3
Commandstrips-EN_GB;3
PostIt-ES_CL;3
SkinAndWound-EN_GB;3
ATCross;3
Kaplanco;3
Greenies;3
VeterinaryPetInsurance;2
PacificCoast;3
SealyBedding;3
Pemco;3
FreeFest;1
Boost;1
Koodomobile;3
Pillsbury;2
SherwinWilliams;3
TractorSupply;3
TrueValue;3
StartRightStartHere;2
AMEXMyTrueEarnings;3
Amextravel;2
Saga-EN;3
MiniBarratts;3
NineteenTwentyOne;3
PetitFeet;3
PricelessShoes;3
BigShoeBoutique;3
Dyson-EN_AU;3
Nationalbusinessfurniture;3
DallasMidwest;2
LloydsPharmacy;3
MamasAndPapas;3
Matalan;3
Musto;3
NationalAustraliaBank;3
UBank;3
Optus;3
OptusBuiltForBusiness;3
SpaceNK-EN;3
EveLom-EN;2
Waterstones;3
KitCosmetics;3
Smiggle-AU;3
TVSN;3
Marksandspencer;3
AllyBank;3
TravelSmith;3
TerritoryAhead;3
BallardDesigns;3
SmithNoble;3
Darty-ES;3
BCC-NL;3
Abreva;2
BreatheRight;3
JnJVisionCare;3
Adidas;3
Adidas-EN_BE;2
Adidas-DE_AT;2
Reebok;3
AdamsGolf;3
Adidas-NL;2
Adidas-EN_GB;3
Adidas-IT;2
Adidas-FR_FR;2
Adidas-ES;2
Adidas-DE_DE;2
Adidas-PT_BR;2
Adidas-RU_RU;2
Adidas-EN_SE;2
Adidas-EN_DK;2
Clairol-EN_CA;3
DDFSkincare;3
Febreze;3
Puffs;3
Bounty;3
Duracell;3
Duracell-RU_RU;2
Duracell-EN_CA;2
Duracell-PT_BR;2
Align;3
Tampax;3
Vicks;3
PrilosecOTC;3
Tide-FR_CA;3
Tide-EN_CA;3
Crest3DWhiteCanada;3
Crest3DWhiteCanadaFR;3
OralB;3
OralB-PT_BR;2
Downy;3
Metamucil;3
Always;3
Always-ES_MX;2
Always-PT_BR;2
PampersLA;2
PampersBrazil;2
Pampers-EN_CA;2
Pampers-FR_CA;2
Pampers-ES;2
Pampers-HU_HU;2
Pampers-PL_PL;2
Pampers-ZH_CN;2
Cascade;3
TAOS;3
Bounce;3
CoverGirl-FR_CA;3
Dawn;3
Koleston-ES_MX;2
Koleston-PT_BR;2
ZzzQuil;2
Bounce-EN_CA;2
Aussie;1
Aussie-EN_GB;2
HeadShoulders-PT_BR;2
HeadAndShouldersPoland;2
Braun-EN_US;2
ChinaLivingArtist-ZH_CN;2
Ariel-PT_BR;2
Pantene-RU_RU;2
PanteneLA;2
ITGC-SV_SE;2
ExtraordinaryDogs;3
ExtraordinaryDogs-DE_DE;3
ExtraordinaryDogs-EN_AU;3
ExtraordinaryDogs-IT_IT;3
ExtraordinaryDogs-ES_ES;3
ExtraordinaryDogs-NL_NL;3
ExtraordinaryDogs-NL_BE;3
ExtraordinaryDogs-PT_PT;3
Proximaati-ES;2
Zininmeer-NL;2
ExtraordinaryDogs-NO_NO;3
Desiderimagazine-IT;2
OralB-DE;3
GillettePoland;3
Gillette-FR_CA;3
GilletteRussia;3
Americangirl;3
NormThompson;3
Sahalie;3
Blair;3
CowardShoes;3
WillowRidge;3
BedfordFair;3
UrbanOutfitters;3
UrbanOutfitters-EN;3
BHLDN;3
Anthropologie-UK;3
Anthropologie-DE;3
RussellHobbs;2
RemingtonEurope;2
BlackAndDeckerAppliances;3
Evans-EN;3
MissSelfridge-EN;3
Wallis-EN;3
BHS;3
Homebase;3
Argos-IE;3
Walmartsr;3
Walmart;3
KBB;3
Autotrader;3
TinyTillia;3
Screwfix;3
Castorama;3
DeltaFaucet;3
Arrow;1
CalderaSpas;3
Wellhome;3
QVC-DE;3
PersonalCreations;3
RedEnvelope;3
Woolworths-EN;3
Brother;3
BurtsBees-CA;3
BurtsBees-UK;3
Canon;3
KidsFootLocker;3
LadyFootlocker;2
Eastbay;2
Final-Score;2
Champssports;2
FootAction;3
Conrad-NL;3
Conrad-CH;3
Conrad-BE;3
Conrad-AT;3
Conrad-DE;3
Averys;2
Disneytheatricalgroup;3
Epson-UK;3
Epson-FR;3
Epson-IT;3
AbuGarcia;3
Foodsaver;3
OsterProCareClub;3
Aer1;3
Fujitsu;3
YvesSaintLaurent;3
LorealParis-ZH-CN;3
LorealParis-FR-FR;3
Bodyshop-USA;3
LancomeCanada-FR_CA;2
BodyShopCAFr;3
BodyShopCA;3
Vichy;3
Proactiv-FI;3
Proactiv-SE;3
Ripspeed;3
HomedepotFrCa;3
LGECanada-FR;2
LGElectronics-PL;3
LGElectronics-FR_CH;3
LGElectronics-DE;3
LGElectronics-CH;3
LGElectronics-AT;3
lgchina;2
Neck-BE-NL;3
Neck-BE-FR;3
VikingDirect-NL;3
VikingDirect-FR;3
VikingDirect-DE;3
VikingDirect-GB;3
OfficeDepot-EN_CA;3
LeChouchou;3
CrateAndBarrel;3
3Suisses-DE;3
BaumarktDirekt;3
Venca-ES;3
Philips-NL;2
Philips-IT_IT;2
Philips-ES_ES;2
Philips-DE;2
Philips-UK;3
PhilipsBrand-DE_DE;2
PhilipsBrand-EN_GB;2
Philips-SV_SE;2
PhilipsBrand-FR;2
PhilipsBrand-NL_NL;2
PhilipsBrand-EN_US;3
Philips-DA_DK;2
PhilipsBrand-FR_CH;2
PhilipsBrand-NL_BE;2
PhilipsBrand-ZH_CN;2
PhilipsBrand-DE_CH;2
QuikSilver-FR;3
Roxy-DE;3
Roxy-EN;3
Roxy-ES;3
Roxy-FR;3
DCShoes-FR;3
DCShoes-ES;3
DCShoes-EN;3
DCShoes-DE;3
Airwick;2
Samsung-FR_CA;3
Samsung-PT_PT;3
SonyStyle-PT_BR;3
SonyStyle-ES_MX;3
SonyStyle-ES_CO;3
SonyStyle-ES_AR;3
Sonystyle;3
Toshiba-NO;2
Toshiba-SV;2
Toshiba-EN;3
Toshiba-DA;3
Toshiba;3
Vodafone-AU;3
3Mobile;3
Vodafone-NL;3
VodafoneNZ;1
Vodafone-IE;3
DogBreedStore;3
RedTag;3
Roots-FR;3
Gettingpersonal;3
Sodimac;3
UrbanDecay;3
Wanimo;3
ChildrensPlace;3
BootsBabycentre;3
AutoAnything;2
Act;3
Cleo;3
Bootlegger;3
GameStopCA-FR;3
LoblawRetail;3
Calphalon;3
CheapCaribbean;3
BestBuyStores;2
BestBuyResellers;3
Bestbuybusiness;2
BingLee;3
BlueInc-EN;3
Buy;3
Nissan;1
Infiniti;3
Mitsubishi;3
CabelasCanada;3
Cars;3
ContinentalTire;3
Wolterskluwerlb;3
CCHGroup;3
Schwans;3
ATT;3
CapitalOne;3
CIBC-FR;3
TicketCity;3
Clarins-EN_GB;3
Coach;3
Calumetphoto-US;3
Calumetphoto-UK;3
Calumetphoto-DE;3
Calumetphoto-NL;3
Cdiscount;3
LeComptoirSante;3
Crocs-GB;3
Crocs-DE;3
Crocs-TW;3
Crocs-SG;3
CrocsStories;3
Crocs-NL;3
Crocs-AU;3
Crocs-FR;3
Crocs-ES;3
CrocsFI;3
CrocsSE;3
CrocsJapan;2
Undergear;2
TheCompanyStore;3
Silhouettes;3
LivingDirect;3
4inkjets;3
InkCartridges;3
SimplyInk;3
LDProducts;3
123Inkjets;3
Boxfresh;3
Kickers;3
GetTheLabel-EN;3
Cyberdefender;3
Emmabridgewater-EN;3
Plantes;3
Alexia;3
KidCuisine;1
WorldStrides;2
PepBoys;3
Buckle;3
WetSeal;3
AllConnect;3
1St-Class-Wedding-Invitations;3
BettaElectrical;3
Indeed;3
Burpee;3
CooksGarden;3
StenaLineImagine;3
TexasInstruments;3
WinderFarms;3
Singer;3
Tele2;3
TeamBeachBody;3
Beachbody;3
EnergizerNTPE;3
Armstrong;3
BostonProperInc;3
Soma;3
Havertys;3
LeeJeans;3
Timberland;3
Palomar;3
Sees;3
BonTon;3
Gresvig;3
GresvigGsport;3
Sportchalet;3
PCNametag;3
Radley;3
LinksOfLondon-EN;3
EFCSTours;3
SmithsonianStudentTravel;3
Buyagift-ES;3
Buyagift-FR;3
Buyagift-IT;3
CharGriller;2
Lorex;3
PierceBiotechnologies;3
TheWatchery;3
Patagonia;3
Patagonia-JP;2
Marks;2
Scholastic;3
ASICS-DE;3
ASICS-FR;3
AsicsNetherlands;3
AsicsIreland;3
ASICS-IT;3
ASICS-UK;3
Lululemon;3
Ivivva;3
DiscoverHL;2
Gravely;3
AKG-US;2
AKG-GB;3
AKG-DE;3
AKG-FR;3
AKG-IT;2
AKG-TR;2
ChiefManufacturing;3
NativeRemedies;3
FigLeaves;3
Catherines;3
WatchStation;3
Lego-DE;3
Lego-KO;3
Blinds;3
BlindsNet;3
Touring-NL;3
Kyocera;3
JCPPortraits;3
TargetPortraits;3
AmericaFirst;3
UniversityFederalCreditUnion;3
Cpa2Biz;3
AICPA;2
MovieTickets;3
NikonSportOptics;3
NikonLearnExplore;3
Gamehouse;3
TrinaTurk;3
OpenTable;3
Surlatable;3
Lenovo-EN_CA;3
Lenovo-EN_GB;3
Lenovo-DE_DE;3
JewelryTelevision;3
FrontlineShop;2
Seagate-FR;3
Seagate-GB;3
Seagate-DE;3
PendletonWoolenMills;3
Lumens;3
PotteryBarnTeen;3
Camif-FR;3
Meubles;3
Petmeds;3
Petmeds-EN;3
Petmeds-DE;3
Thymes;3
UPromise;3
Telmore;3
PeoplesMortgage-EN_US;3
AdvancedBeauty;3
Murad;3
Belkin;3
Willemse-FR;3
LabSeries;3
JoMaloneUK;3
EsteeLauder-CN;3
EsteeLauder;3
Darphin;3
CremeDeLaMer-JA_JP;3
CremeDeLaMer-EN_GB;3
CliniqueDenmark;3
CliniqueBrazil;3
Clinique-UK;3
Clinique-RU_RU;3
Clinique-JP;3
Clinique-ES;2
Clinique-DE;3
Clinique-AU;2
Clinique-AT;3
BobbiBrownGermany;3
BobbiBrown-UK;3
BobbiBrown-JA;3
BobbiBrown-ES;3
BobbiBrown;3
Aveda-UK;3
Aveda;3
Origins-ZH_CN;3
Smashbox;3
Smashbox-EN_GB;2
Clinique-FR_BE;2
Aveda-JA_JP;3
Aveda-DE_DE;2
Clinique-NL_NL;2
LabSeries-KO_KR;2
PCConnection;3
UniversalOrlando;3
GroupPublishing;3
RCWilley;3
NovationForum;2
BigSkyCountry;3
Activia;1
Schwab;3
FirstTennesseeBank;3
BathandBodyWorks;3
BathAndBodyWorks-Stories;2
Warrior;2
TexasExes;3
BetzoldEdumero;2
Betzold;2
Betzold-DE_AT;2
Betzold-DE_CH;2
Academy;3
LegalZoom;3
Nordstrom2;3
Shoedazzle;3
MacSales;3
AJMadison;3
BarefootBooks;3
CathKidston;3
PeruvianConnection;3
Thomasville;3
Lane;3
Broyhill;3
BedBathBeyond;3
BuyBuyBaby;3
RosettaStone-EN_GB;3
Rogers;3
FredericksOfHollywood;3
Boscovs;1
VeraBradley-JA_JP;3
VeraBradley;3
TheSportsHQ;3
TheSportshq-SE;3
SoftSurroundings;3
Homax;1
Verizon;3
VerizonAccessories;3
VerizonFIOS-EN_US;3
OPGI;3
Liftmaster;3
TargetAustralia;3
MyDogsMission;3
Apple-FR_FR;3
Apple-EN_GB;3
Apple-EN_AU;3
Apple;3
Apple-NL;3
Apple-ES_ES;3
Apple-IT_IT;3
Apple-DE_DE;3
WhirlpoolWaterHeaters;3
Absolute;3
Avery;3
GEGenerators;2
Columbia;2
MountainHardwear;2
Sorel;2
HBSP;3
Goodnites;1
IBMSTG-DE;2
IBMSTG-ZH;2
Invitrogen;3
MarketDay;3
MicrosoftShop;3
MicrosoftStore;2
Pella;3
Qwest;3
SkilTools;2
SanDisk;3
SelectComfort;3
Sheplers;3
SigmaAldrich;3
StarbucksStore;3
ThomsonWest;3
UniqloTw;3
UniqloUk;3
Maytag;3
Xerox-EN_GB;3
Xerox-FR_CA;3
1800Mattress;3
Sleepys;3
CentraalBeheer-NL;3
Payless;3
RCI;3
RCI-ES;3
GoneDigging;3
Dressbarn;3
Fashionbug;3
Sonsi;3
SplashDirect;3
OneDirect-IT;3
OneDirect-DE;3
OneDirect-ES;3
OneDirect-PT;3
LendingTreeFB;3
Michaels;3
Express;3
Tirebuyer;3
Victorinox-ES_MX;3
Victorinox-JA;3
Victorinox-PT;3
Paris;3
HornyToad;3
Nau;2
FBFS;3
Sundance;3
Artbeads;3
Lazyboy;3
FansEdge;3
AmericanEagle;3
Carters;3
OshKosh;3
Jared;3
KneeDraggers;3
Cyclesport;3
CoffeeForLess;3
Gumps;3
Somewhere;3
Vertbaudet-ES;3
Vertbaudet-DE;3
Vertbaudet-PT;3
Vertbaudet;3
Vertbaudet-EN;3
Vertbaudet-DE_CH;3
Vertbaudet-FR_CH;3
Daxon;3
YvesRocher-FR_CH;3
RunCom;2
Escentual-EN;3
AmericanMuscle;3
CarMax;3
SFR;3
Skymall;3
CitySoftware;2
1800petmeds;3
LiveNation;3
Ticketmaster;3
Ticketmaster-DE_DE;3
AirNWater;3
Goldsmiths;2
PureCollection;3
Akateeminen;2
Reliable;3
TroyBilt;3
Electrolux-EN_GB;2
PartyLite;3
Talbots;3
WegmansFoodMarkets;3
Titus-EN;2
Titus-DE;2
Aldo-EN_CA;3
Aldo;3
Aldo-EN_GB;3
Aldo-FR_CA;3
TommyBahama;3
Dell-KO;3
Dell-ZH;3
Dell-DE;3
Dell-JA;3
Dell-NL;3
Sportscraft;3
Saba;3
Ainsworth;3
ShoeCarnival;2
Jacques-Vert;3
VitaCost;3
Pervasive;2
Intheswim;3
PoolProducts;3
Pagoda;3
Zodee;3
Beautique;3
ElsevierHealth;3
LexisNexis;3
Oakley;3
WLGore;3
Warehouseexpress;3
Haiereurope-DE_DE;3
Millets;3
MensWearhouse;3
AceGroup;2
StateFarm;2
Autoglass;3
RebelSport;3
AmartAllSports;2
DesignToscano;1
Cosmox;2
Morgan;3
CowParadeAustin;3
Seton;3
Auchan;2
Cultura-FR;3
2bStores;2
Bebe;2
BigFishGames;2
Bigfishgames-SV_SE;2
Bigfishgames-PT_BR;2
Bigfishgames-NL_NL;2
Bigfishgames-JA_JP;2
Bigfishgames-IT_IT;2
Bigfishgames-FR_FR;2
Bigfishgames-ES_ES;2
Bigfishgames-DA_DK;2
Bigfishgames-DE_DE;2
EileenFisher;3
MSCDirect;3
Norauto-FR;3
Dune;3
Specialized;3
FashionUnion;3
Wonderbox;2
GrandeCommunications;3
Noritake;1
Paperchase;3
RestaurantCom;3
Priceline;3
Mysupermarket;2
YellowbookSKU-EN_GB;2
YellowbookSKU-EN_US;2
YellowbookMRCH-EN_US;2
YellowbookMRCH-EN_GB;2
Phones4U;3
Dialaphone;3
Sussan;3
Katespade;2
Real-DE;2
PowerMat;3
Anntaylorloft;3
AnnTaylor;3
BenefitCosmetics;3
Fresh;3
Sephora-FR;3
Bayer;3
Amprobe;3
Fluke;3
MatcoTools;3
Tektronix;3
Slendertone;3
Slendertone-FR;2
Slendertone-EN;2
Slendertone-DE;2
Anneklein;3
Rachelroy;3
RivermarkCommunityCreditUnion;2
SATS-SV;2
SATS-NO;2
SATS-DA;2
SATS-FI;2
MetroPCS;3
AnalogDevices-ZH_TW;2
AnalogDevices-JA_JP;2
AnalogDevices;2
Andrewsfcu;1
FederalPremium;3
Submarino;2
Americanas;2
BradfordBingley;2
Bissell;3
BonMarche;3
GoToMyPC;2
Crane;1
LiNing;3
Hallmark;3
Crayola;1
JeanneDArc;3
MohawkFlooring;2
Oreck;3
RONA;3
WrapLondon;2
PoetryFashion;3
Wraplondon-DE_DE;2
Poetryfashion-DE_DE;2
TDMortgage;3
VermontCountryStore;2
McAfee;3
Valspar;2
ABNAMRO;3
Lifeisgood;3
HitachiPowerTools;1
MoltonBrown-EN_GB;2
Pumaeu;3
Puma;3
EMCIIG;1
ParamountFarms;3
APC;3
Prisma-FI_FI;2
VBT;3
LastCall;3
Suncast;1
ToryBurch;2
Hach;3
Rackspace;3
AmplifyCreditUnion;1
CallawayGolfPreowned;2
Carparts;3
Clarins-EN_US;3
Epithimies-EL;2
Dell-FR;3
Dell-DA;3
Dell-IT;3
Dell-NO;3
Dell-PT;3
Dell-SV;3
Logitech-FR_FR;3
HPAPJ-KO;3
HPAPJ-TW;3
HPAPJ-CHI;3
HP-ES;3
HP-IT;3
HP-NL;3
HP-PT;3
HP-SV;3
SonyStyle-ES_CL;3
Ojon-EN_GB;2
BobbiBrown-KR;2
BobbiBrown-EN_AU;3
BobbiBrown-ZH_CN;2
DisneyStore-DE_DE;2
DisneyStore-EN_GB;3
MaxMySpeed;3
SoccerSavings;3
FootLocker-EN_GB;3
NCL;3
Berghaus;3
DiscountDance;3
USCellular;3
LowesCreativeIdeas;3
Daxon-EN;3
Cyrillus-FR;3
Grays;3
AmericanGolf;3
Shop3M;3
ScotchBrite-ES_MX;3
Conrad-FR;3
Conrad-UK;3
Touring-FR;3
Victorinox-DE;3
Victorinox-EN;3
Victorinox-ES_ES;3
Victorinox-FR;3
Victorinox-IT;3
QuikSilver-DE;3
QuikSilver-EN;3
Topman-EN;3
Topshop-EN;3
DorothyPerkins-EN;3
Burton-EN;3
BHS-EN;3
Brother-EN;3
MyAirCleaner;3
JohnFrieda-EN_GB;2
JohnFrieda-FR_CA;3
YvesRocher-DE_AT;3
YvesRocher-DE_CH;3
YvesRocher-DE_DE;3
YvesRocher-EN_CA;3
YvesRocher-EN_US;3
YvesRocher-ES_ES;3
YvesRocher-FR_BE;3
YvesRocher-FR_CA;3
YvesRocher-FR_FR;3
YvesRocher-NL_BE;3
YvesRocher-NL_NL;3
YvesRocher-RU_RU;3
YvesRocher-SV_SE;3
Graco;2
Garnier;3
LoblawRetail-FR;3
ToppsTiles;3
Stockmann-FI;3
Command-ES_CL;3
Command-ES_MX;3
Command-PT_BR;3
PostIt-ES_AR;3
LGElectronics-ES;3
Ticketmaster-en_AU;3
Ticketmaster-EN_CA;3
Ticketmaster-EN_GB;3
Ticketmaster-EN_IE;3
Ticketmaster-en_MX;3
Ticketmaster-en_NZ;3
Ticketmaster-es_MX;3
Ticketmaster-ES_US;3
Ticketmaster-FR_CA;3
Ticketmaster-EN_ES;3
Ticketmaster-ES_ES;3
Samsung-DE_AT;3
Samsung-DE_CH;3
Samsung-EN_CA;3
Samsung-EN_GB;3
Samsung-EN_ZA;3
Samsung-FR_FR;3
Samsung-PT_BR;3
Samsung-SV_SE;3
Samsung-TR_TR;3
Samsung-ZH_CN;3
PhilipsBrand-EN_IN;2
PhilipsBrand-ES_ES;2
PhilipsBrand-IT_IT;2
PhilipsBrand-PL_PL;2
PhilipsBrand-PT_BR;2
PhilipsBrand-RU;2
PhilipsBrand-TR_TR;2
PhilipsBrand-FR_BE;2
Spectracide;2
CreateAndCraft;3
IdealWorld;3
OralB-ES;2
Footlocker;2
Asics;3
AsicsSpain;3
SmythsToys;2
PoetryFashion-EN_US;2
Dentalcare-EN_GB;3
Smuckers;2
DiscoverCard;3
HPSMB;3
Avon-UK;3
Calendars;3
JamPlastics;3
PotteryBarn;3
Intuitappcenter;3
Bumbleandbumble;2
Sheridan;3
Olay-EN_CA;3
Olay-ES;3
Olay-FR_CA;3
Olay-PT_BR;3
O2Germany-DE;2
Serta;2
Adidas-EN_CA;2
Adidas-EN_IE;2
Adidas-ES_CO;2
Aloette;3
AstroGaming;2
AutopartsWarehouse;3
BandAid;3
BankFashion-EN_GB;3
Barratts;3
Baur;3
BetzoldGmbH;2
BigYellow;3
BitDefender;2
BurtsBees;3
CatChow;3
CDW;3
ClarksUSA;3
Clinique-CN;3
Clinique-FR;3
Clinique-IT_IT;2
Clinique-KO_KR;2
Clinique;3
Clinique-SP;3
CompleteTax;3
Costco-EN_CA;3
Crocs-EU;3
Crocs-HK;3
Crocs-IT;3
Crocs;3
EsteeLauder-DE;3
EsteeLauder-ES_US;3
Esteelauder-EN_UK;3
EsteeLauder-DE_AT;3
EsteeLauder-EN_AU;2
EsteeLauder-ES_ES;2
EsteeLauder-FR_FR;2
EsteeLauder-JP;3
EsteeLauder-RU_RU;3
ExtraordinaryDogs-ES_AR;3
ExtraordinaryDogs-FR_BE;3
Falabella-CO;3
Falabella-PE;3
FigisGallery;2
Flip;3
GilletteVenus-EN_CA;2
GilletteVenus-FR_CA;2
HomeMadeSimple-EN_CA;3
HomeMadeSimple-FR_CA;3
Haiereurope-EN_GB;2
Haiereurope-ES_ES;2
Haiereurope-FR_FR;3
Haiereurope-IT_IT;2
JackDaniels;2
Lekkerinhetleven-NL;2
MACCosmetics-DE;3
MacCosmetics-EN_AU;2
MacCosmetics-ES_ES;2
Maccosmetics-da_dk;2
MACCosmetics-EN_CA;3
MacCosmetics;3
MacCosmetics-EN_GB;2
MacCosmetics-JA_JP;3
MacCosmetics-KO_KR;3
Maccosmetics-DE_AT;3
Maccosmetics-FR;2
Maccosmetics-FR_CA;3
Maccosmetics-IT;2
Maccosmetics-NL_NL;2
Maccosmetics-RU_RU;3
Nokia-DE_DE;3
Nokia-EN_US;3
Nokia-ES_ES;3
Nokia-IT_IT;3
Nokia-NL_NL;3
Nokia-PL_PL;3
Nokia-SV_SE;3
CoverGirl;3
CremedeLaMer;3
Crisco;3
DoubleMySpeed;3
RoyalCaribbean;2
Darty;3
GetMeIn;3
JBL;2
LookVoyages;3
Karstadt;3
Amway;3
Fairy-NO_NO;2
CamerasDirect;3
CarnivalCruiseLines;3
Windowfilm;3
RCI-PT;3
JayJays-AU;3
FurnitureRow;2
StrideRite;3
Belk;2
Asda;3
Finish-EN_US;2
Amdro;1
Schwab-DE;3
Dentalcare;3
TescoWines;2
ELC;3
Origins;3
ElCorteIngles;3
Repel;2
Bengay;3
SKII-KO_KR;3
LOrealParisUk;3
JamesAvery;3
BareEscentuals-EN_GB;3
GilletteVenus-ES;2
GilletteVenus-PT_BR;2
ClearBlueEasy;3
AudioTechnica;3
ASB;3
Debenhams-IE;2
Luxottica;3
SofaCom;2
LondonDrugs;3
Buyagift-EN;3
3Suisses;3
SecuriteMaisonDomotique;2
Epson-CA;3
Adidas-EN_AU;2
Bounce-FR_CA;2
YvesRocher-FI_FI;3
DicksSportingGoods;3
Adidas-EN_NZ;2
Schlecker-DE;3
JohnLewis;3
Aveda-EN_AU;3
Lillypulitzer;3
GP;3
Finish;3
EpsonLatinAmerica;2
Clinique-TH_TH;2
LululemonEurope;2
Orbitzaggregate;2
Nicorette;3
Kaspersky;3
Apartments;3
EddieBauer;3
FisherPrice;3
PETCO;3
Samsung-PL_PL;3
EveryDayMe-RU_RU;2
Elgiganten-DK;3
BONOBO;2
Clarins-FR;3
DrScholls;3
Suomalainen-FI;3
CleanClear;3
Helzberg;3
AustralianWine;2
Tazo;2
BCBSFL;2
Torpedo7;2
Nespresso;3
Conforama-FR;2
Clairol;3
Ellis;3
BoschTools;3
Always-FR_CA;2
Humana;3
Clarins-EN_CA;2
SamsungProducts;2
Colgate-EN_GB;1
Boots;3
BuyCostumes;3
Speedo;2
Elkjop-SK;3
FinishLine;3
MayoClinic;3
Coppertone;3
Glad;2
Dyson-CA;3
Command-EN_AU;3
Chicos;3
WhiteHouseBlackMarket;3
CleanStart;3
HibuOnlineChannel;2
VidalSassoon;1
Harveys;2
Scotts;3
Aveeno;3
Nationwide;3
ThomasCook-FR_FR;2
Samsung-NO_NO;3
Samsung-EN_IN;3
Samsung-ES_ES;3
Samsung-RU_RU;3
HTC;3
Nicoderm;3
OpenTable-DE_DE;2
Mattel;3
Sharp;3
BareEscentuals;3
Kaspersky-FR_FR;3
Diy;3
ScotchBrand-EN_AU;3
PhoneHouse-SE;3
CrockPot;3
HealthyChoice;3
GlassesCom;1
Chamberlain-DIY;3
Dove;1
Salon;1
Cutter;2
Argos;3
Werner;2
TiffanyCo;3
Kaspersky-EN_GB;2
Rumbo-ES;2
Bounty-EN_CA;1
Panasonic-DE;2
Conrad-EN_US;3
MikeWilson;2
freshdirect;2
test-conversations-demo-3;2
CP1-ACME;2
testcustomer-E2E;2
HugoBoss;2
BVP-Demandware-Sandbox2;2
InstinctPetFood;2
QADimSum1;2
IntuitConv20;2
Goodies;2
ExactTarget9;2
WD40;2
WD40Specialist;2
ci-demo;2
TrueChews;2
SpotShot;2
2000Flushes;2
Hartz;2
PurinaProPlan;2
WesternDigital;2
new-test;2
FantasticFurniture;2
ts-sandbox;2
support-sandbox;2
bvp-demandware-sandbox3;2
bvp-demandware-sandbox4;2
Ecommera;2
BVSalesMockups;2
ci-brands-demo;2
ExactTarget8;2
Penaten;2
test-conversations-demo-2;2
test-conversations-demo-4;2
testcustomer-rebecca-us;2
test-conversations-demo;2
test-conversations-demo-1;2
ABC-Japan;2
testcustomer-rebecca;2
ts-emea-sandbox;2
MountainGear;2
McCoys;2
StepanTestClientProd;2
DirtDevil;2
MockupvoiceDemoClient;2
BestGateOpeners;2
ci-apac-demo;2
Ticketbud;2
BVP-Magento-Sandbox3;2
LittleShopOfBazaarvoice;2
si-sandbox;2
BagsAndBows;2
support-emea-sandbox;2
DogChow;2
GTO;2
DiscountGateOpeners;2
